index,display_condition,num_worker,sid
0,2,4,c8291190-4c17-11e9-b667-005056a4a701-81861
0,0,2,e275b4e0-4c17-11e9-b667-005056a4a701-81861
0,0,2,f45f57c4-4c17-11e9-b667-005056a4a701-81861
0,0,2,68818e4c-4c18-11e9-b667-005056a4a701-81861
0,0,2,ec41b5c2-4c18-11e9-b667-005056a4a701-81861
0,2,4,f122402a-4c18-11e9-b667-005056a4a701-81861
0,0,4,f3900670-4c19-11e9-b667-005056a4a701-81861
0,0,8,6b5b02c2-4c1a-11e9-b667-005056a4a701-81861
0,1,4,945add32-4c1a-11e9-b667-005056a4a701-81861
0,2,8,94ac2c54-4c1b-11e9-b667-005056a4a701-81861
0,2,2,08230afe-4c1c-11e9-b667-005056a4a701-81861
0,1,4,1977815e-4c1c-11e9-b667-005056a4a701-81861
0,2,2,a6ec175c-4c1c-11e9-b667-005056a4a701-81861
0,2,2,d26b5710-4c1e-11e9-b667-005056a4a701-81861
0,2,2,5e76c1ac-4c21-11e9-b667-005056a4a701-81861
0,0,2,d46bd44a-4c23-11e9-b667-005056a4a701-81861
0,1,8,0ac7a44c-4c24-11e9-b667-005056a4a701-81861
0,2,8,f6585974-4c24-11e9-b667-005056a4a701-81861
0,2,8,e5cc7e08-4c30-11e9-b667-005056a4a701-81861
0,0,2,a173730c-4c39-11e9-b667-005056a4a701-81861
0,1,8,2819f300-4c07-11e9-afa4-005056a4a701-78498
0,2,8,2819f300-4c07-11e9-afa4-005056a4a701-78498
0,2,8,2819f300-4c07-11e9-afa4-005056a4a701-78498
0,2,2,2819f300-4c07-11e9-afa4-005056a4a701-78498
0,0,4,2819f300-4c07-11e9-afa4-005056a4a701-78498
0,0,2,2819f300-4c07-11e9-afa4-005056a4a701-78498
0,2,8,2819f300-4c07-11e9-afa4-005056a4a701-78498
0,1,8,9976a226-4d12-11e9-9643-005056a4a701-126175
0,0,2,50730028-4d13-11e9-9643-005056a4a701-126175
0,1,4,3fe6cec8-4d14-11e9-9643-005056a4a701-126175
0,0,4,01f868d0-4d17-11e9-9eb8-005056a4a701-126935
0,0,2,d80d0016-4d17-11e9-9eb8-005056a4a701-126935
0,0,8,da45d7c2-4d17-11e9-9eb8-005056a4a701-126935
0,2,2,de765312-4d17-11e9-9eb8-005056a4a701-126935
0,1,2,df76ce54-4d17-11e9-9eb8-005056a4a701-126935
0,2,8,e280d5c2-4d17-11e9-9eb8-005056a4a701-126935
0,1,4,e44465ea-4d17-11e9-9eb8-005056a4a701-126935
0,2,2,e4b66e56-4d17-11e9-9eb8-005056a4a701-126935
0,2,8,e6334f88-4d17-11e9-9eb8-005056a4a701-126935
0,2,2,e68b0660-4d17-11e9-9eb8-005056a4a701-126935
0,2,4,e6909706-4d17-11e9-9eb8-005056a4a701-126935
0,2,2,e94513d2-4d17-11e9-9eb8-005056a4a701-126935
0,1,4,e94b11f6-4d17-11e9-9eb8-005056a4a701-126935
0,2,2,e9c76cd8-4d17-11e9-9eb8-005056a4a701-126935
0,2,8,ecd8548c-4d17-11e9-9eb8-005056a4a701-126935
0,1,4,eceb5460-4d17-11e9-9eb8-005056a4a701-126935
0,2,2,ecfb30b0-4d17-11e9-9eb8-005056a4a701-126935
0,0,4,ed375356-4d17-11e9-9eb8-005056a4a701-126935
0,0,2,ef1dd500-4d17-11e9-9eb8-005056a4a701-126935
0,0,8,ef98fb90-4d17-11e9-9eb8-005056a4a701-126935
0,1,2,efe16dd0-4d17-11e9-9eb8-005056a4a701-126935
0,0,2,efe52722-4d17-11e9-9eb8-005056a4a701-126935
0,1,2,f43cd388-4d17-11e9-9eb8-005056a4a701-126935
0,1,8,f4b1609a-4d17-11e9-9eb8-005056a4a701-126935
0,0,4,f6161ca0-4d17-11e9-9eb8-005056a4a701-126935
0,0,4,f6822120-4d17-11e9-9eb8-005056a4a701-126935
0,1,4,f6c2c3f6-4d17-11e9-9eb8-005056a4a701-126935
0,1,4,f76dc9b8-4d17-11e9-9eb8-005056a4a701-126935
0,0,8,f81ed302-4d17-11e9-9eb8-005056a4a701-126935
0,1,4,fb62bf88-4d17-11e9-9eb8-005056a4a701-126935
0,0,2,fce716c4-4d17-11e9-9eb8-005056a4a701-126935
0,0,2,fd81c584-4d17-11e9-9eb8-005056a4a701-126935
0,2,2,fedb0a4e-4d17-11e9-9eb8-005056a4a701-126935
0,2,8,efe52722-4d17-11e9-9eb8-005056a4a701-126935
0,2,4,015db410-4d18-11e9-9eb8-005056a4a701-126935
0,0,8,033bd9a6-4d18-11e9-9eb8-005056a4a701-126935
0,0,4,058b464c-4d18-11e9-9eb8-005056a4a701-126935
0,1,2,061e13a0-4d18-11e9-9eb8-005056a4a701-126935
0,2,8,0696eece-4d18-11e9-9eb8-005056a4a701-126935
0,1,4,09177f10-4d18-11e9-9eb8-005056a4a701-126935
0,0,8,09202f02-4d18-11e9-9eb8-005056a4a701-126935
0,1,2,0d9b3496-4d18-11e9-9eb8-005056a4a701-126935
0,0,4,11b40436-4d18-11e9-9eb8-005056a4a701-126935
0,2,8,16005ada-4d18-11e9-9eb8-005056a4a701-126935
0,1,4,16ec33e2-4d18-11e9-9eb8-005056a4a701-126935
0,1,2,185975e6-4d18-11e9-9eb8-005056a4a701-126935
0,0,2,19cef23e-4d18-11e9-9eb8-005056a4a701-126935
0,1,2,1e058232-4d18-11e9-9eb8-005056a4a701-126935
0,2,2,1e15464a-4d18-11e9-9eb8-005056a4a701-126935
0,2,8,25ea4a3c-4d18-11e9-9eb8-005056a4a701-126935
0,2,2,2ca3268c-4d18-11e9-9eb8-005056a4a701-126935
0,1,8,341115fa-4d18-11e9-9eb8-005056a4a701-126935
0,2,2,345e0996-4d18-11e9-9eb8-005056a4a701-126935
0,0,8,37a3b538-4d18-11e9-9eb8-005056a4a701-126935
0,1,2,3ab7f3f6-4d18-11e9-9eb8-005056a4a701-126935
0,2,8,3ccc9b60-4d18-11e9-9eb8-005056a4a701-126935
0,2,2,3da55bb2-4d18-11e9-9eb8-005056a4a701-126935
0,1,8,3e89d8d2-4d18-11e9-9eb8-005056a4a701-126935
0,1,4,43780cec-4d18-11e9-9eb8-005056a4a701-126935
0,0,2,454dd68c-4d18-11e9-9eb8-005056a4a701-126935
0,2,2,4a53d5a0-4d18-11e9-9eb8-005056a4a701-126935
0,1,2,4d8dcc80-4d18-11e9-9eb8-005056a4a701-126935
0,1,4,7aeb9fea-4d18-11e9-9eb8-005056a4a701-126935
0,1,4,7f702c7a-4d18-11e9-9eb8-005056a4a701-126935
0,2,4,83c26bbc-4d18-11e9-9eb8-005056a4a701-126935
0,2,2,b507bba0-4d18-11e9-9eb8-005056a4a701-126935
0,2,2,b9f8f462-4d18-11e9-9eb8-005056a4a701-126935
0,2,2,c7203902-4d18-11e9-9eb8-005056a4a701-126935
0,0,8,c89862b4-4d18-11e9-9eb8-005056a4a701-126935
0,0,2,d4a8fd70-4d18-11e9-9eb8-005056a4a701-126935
0,0,2,d508d5f6-4d18-11e9-9eb8-005056a4a701-126935
0,2,4,d60da670-4d18-11e9-9eb8-005056a4a701-126935
0,0,2,e51386bc-4d18-11e9-9eb8-005056a4a701-126935
0,2,2,22e107d0-4d19-11e9-9eb8-005056a4a701-126935
0,1,4,365cb17e-4d19-11e9-9eb8-005056a4a701-126935
0,1,8,3664cbc0-4d19-11e9-9eb8-005056a4a701-126935
0,0,4,3ca16fc0-4d19-11e9-9eb8-005056a4a701-126935
0,1,2,4d89e8da-4d19-11e9-9eb8-005056a4a701-126935
0,1,2,96e476ee-4d19-11e9-9eb8-005056a4a701-126935
0,1,2,9f14a8ca-4d19-11e9-9eb8-005056a4a701-126935
0,2,2,b894e90e-4d19-11e9-9eb8-005056a4a701-126935
0,2,4,c6bb147c-4d19-11e9-9eb8-005056a4a701-126935
0,1,8,dd7617f2-4d19-11e9-9eb8-005056a4a701-126935
0,2,8,1c5c46b2-4d1a-11e9-9eb8-005056a4a701-126935
0,2,2,272930b4-4d1a-11e9-9eb8-005056a4a701-126935
0,0,2,2c96ec4e-4d1a-11e9-9eb8-005056a4a701-126935
0,0,4,3b2d4ff0-4d1a-11e9-9eb8-005056a4a701-126935
0,1,4,424e0130-4d1a-11e9-9eb8-005056a4a701-126935
0,1,2,4cdd5f92-4d1a-11e9-9eb8-005056a4a701-126935
0,0,4,2c96ec4e-4d1a-11e9-9eb8-005056a4a701-126935
0,2,2,69c4e1ac-4d1a-11e9-9eb8-005056a4a701-126935
0,2,2,783de814-4d1a-11e9-9eb8-005056a4a701-126935
0,0,4,87375652-4d1a-11e9-9eb8-005056a4a701-126935
0,2,4,874d8a4e-4d1a-11e9-9eb8-005056a4a701-126935
0,0,8,893d5014-4d1a-11e9-9eb8-005056a4a701-126935
0,1,8,8a508098-4d1a-11e9-9eb8-005056a4a701-126935
0,2,4,8c678b60-4d1a-11e9-9eb8-005056a4a701-126935
0,2,8,8f21f368-4d1a-11e9-9eb8-005056a4a701-126935
0,0,2,96e476ee-4d19-11e9-9eb8-005056a4a701-126935
0,1,8,a0f6d54a-4d1a-11e9-9eb8-005056a4a701-126935
0,1,4,a6599fae-4d1a-11e9-9eb8-005056a4a701-126935
0,0,8,b6e9bfe8-4d1a-11e9-9eb8-005056a4a701-126935
0,1,4,c58cffa6-4d1a-11e9-9eb8-005056a4a701-126935
0,2,8,cc10df3c-4d1a-11e9-9eb8-005056a4a701-126935
0,1,2,d8866fa2-4d1a-11e9-9eb8-005056a4a701-126935
0,1,8,e57e93b0-4d1a-11e9-9eb8-005056a4a701-126935
0,0,8,f57c9f82-4d1a-11e9-9eb8-005056a4a701-126935
0,2,2,fd91dcb4-4d1a-11e9-9eb8-005056a4a701-126935
0,0,2,0d93f250-4d1b-11e9-9eb8-005056a4a701-126935
0,1,4,0eafd424-4d1b-11e9-9eb8-005056a4a701-126935
0,1,2,146bae6a-4d1b-11e9-9eb8-005056a4a701-126935
0,1,8,5161d236-4d1b-11e9-9eb8-005056a4a701-126935
0,1,4,6fa21832-4d1b-11e9-9eb8-005056a4a701-126935
0,0,4,8efd6628-4d1b-11e9-9eb8-005056a4a701-126935
0,2,4,ac5ebaa0-4d1b-11e9-9eb8-005056a4a701-126935
0,0,4,bb1171d2-4d1b-11e9-9eb8-005056a4a701-126935
0,0,2,cfc9ea1e-4d1b-11e9-9eb8-005056a4a701-126935
0,0,8,cfeb24a4-4d1b-11e9-9eb8-005056a4a701-126935
0,0,2,d5895520-4d1b-11e9-9eb8-005056a4a701-126935
0,1,2,fc5fccc4-4d1b-11e9-9eb8-005056a4a701-126935
0,1,2,01259c84-4d1c-11e9-9eb8-005056a4a701-126935
0,0,4,080b4986-4d1c-11e9-9eb8-005056a4a701-126935
0,0,4,24aad480-4d1c-11e9-9eb8-005056a4a701-126935
0,0,4,429ce01e-4d1c-11e9-9eb8-005056a4a701-126935
0,0,4,44ea130a-4d1c-11e9-9eb8-005056a4a701-126935
0,0,2,4e1c5a5a-4d1c-11e9-9eb8-005056a4a701-126935
0,0,8,7ed99e28-4d1c-11e9-9eb8-005056a4a701-126935
0,2,2,ee0760dc-4d1c-11e9-9eb8-005056a4a701-126935
0,2,2,f1cca330-4d1c-11e9-9eb8-005056a4a701-126935
0,1,2,16208972-4d1d-11e9-9eb8-005056a4a701-126935
0,1,2,1ac33cfe-4d1d-11e9-9eb8-005056a4a701-126935
0,1,2,4e7012b6-4d1d-11e9-9eb8-005056a4a701-126935
0,0,2,b6e9bfe8-4d1a-11e9-9eb8-005056a4a701-126935
0,0,8,be5f2292-4d1d-11e9-9eb8-005056a4a701-126935
0,0,2,cc72d144-4d1d-11e9-9eb8-005056a4a701-126935
0,2,4,dea13388-4d1d-11e9-9eb8-005056a4a701-126935
0,0,8,dea13388-4d1d-11e9-9eb8-005056a4a701-126935
0,1,2,dea13388-4d1d-11e9-9eb8-005056a4a701-126935
0,2,2,87220b7c-4d1e-11e9-9eb8-005056a4a701-126935
0,2,8,a62401e2-4d1e-11e9-9eb8-005056a4a701-126935
0,0,2,a72474d2-4d1e-11e9-9eb8-005056a4a701-126935
0,2,8,af79c4a2-4d1e-11e9-9eb8-005056a4a701-126935
0,2,8,b0ef8b64-4d1e-11e9-9eb8-005056a4a701-126935
0,0,8,b4d269fe-4d1e-11e9-9eb8-005056a4a701-126935
0,0,4,b697e426-4d1e-11e9-9eb8-005056a4a701-126935
0,0,8,b844c9e2-4d1e-11e9-9eb8-005056a4a701-126935
0,0,4,c26021ce-4d1e-11e9-9eb8-005056a4a701-126935
0,0,2,e4155e10-4d1e-11e9-9eb8-005056a4a701-126935
0,1,4,e655c656-4d1e-11e9-9eb8-005056a4a701-126935
0,1,2,424dab68-4d1f-11e9-9eb8-005056a4a701-126935
0,1,4,499a1780-4d1f-11e9-9eb8-005056a4a701-126935
0,1,4,9122025c-4d1f-11e9-9eb8-005056a4a701-126935
0,1,2,913a9b50-4d1f-11e9-9eb8-005056a4a701-126935
0,2,4,c1c9f8ba-4d1f-11e9-9eb8-005056a4a701-126935
0,2,8,c4908ba4-4d1f-11e9-9eb8-005056a4a701-126935
0,0,4,cb5b56ee-4d1f-11e9-9eb8-005056a4a701-126935
0,2,2,8d996c32-4d20-11e9-9eb8-005056a4a701-126935
0,2,8,8e5eccca-4d20-11e9-9eb8-005056a4a701-126935
0,0,8,c44c0564-4d20-11e9-9eb8-005056a4a701-126935
0,0,4,d05e832c-4d20-11e9-9eb8-005056a4a701-126935
0,0,8,8901e838-4d21-11e9-9eb8-005056a4a701-126935
0,2,4,9dbc0380-4d21-11e9-9eb8-005056a4a701-126935
0,2,8,3352cdb6-4d22-11e9-9eb8-005056a4a701-126935
0,2,8,4c62d27e-4d22-11e9-9eb8-005056a4a701-126935
0,0,4,70cc6ddc-4d22-11e9-9eb8-005056a4a701-126935
0,0,2,87a01ebe-4d22-11e9-9eb8-005056a4a701-126935
0,1,2,9bb105e4-4d22-11e9-9eb8-005056a4a701-126935
0,0,2,e6afd2f0-4d22-11e9-9eb8-005056a4a701-126935
0,1,2,05787458-4d23-11e9-9eb8-005056a4a701-126935
0,0,8,0d789386-4d23-11e9-9eb8-005056a4a701-126935
0,0,2,452bcf5a-4d23-11e9-9eb8-005056a4a701-126935
0,1,2,691ef5ea-4d23-11e9-9eb8-005056a4a701-126935
0,1,8,a1b513fc-4d24-11e9-9eb8-005056a4a701-126935
0,2,2,c98e26d4-4d24-11e9-9eb8-005056a4a701-126935
0,1,8,de79788c-4d24-11e9-9eb8-005056a4a701-126935
0,0,4,02b10396-4d25-11e9-9eb8-005056a4a701-126935
0,1,2,4b78d1e4-4d25-11e9-9eb8-005056a4a701-126935
0,0,4,848ad4d2-4d25-11e9-9eb8-005056a4a701-126935
0,0,2,4960e7d8-4d26-11e9-9eb8-005056a4a701-126935
0,1,4,deb6e80a-4d26-11e9-9eb8-005056a4a701-126935
0,0,8,1d1aa852-4d27-11e9-9eb8-005056a4a701-126935
0,1,4,fb535b28-4d27-11e9-9eb8-005056a4a701-126935
0,2,2,43d6b516-4d28-11e9-9eb8-005056a4a701-126935
0,0,2,e5a1db78-4d28-11e9-9eb8-005056a4a701-126935
0,1,4,1da966be-4d2c-11e9-9eb8-005056a4a701-126935
0,0,4,facf61f6-4d2c-11e9-9eb8-005056a4a701-126935
0,0,2,7e0d3d6a-4d30-11e9-9eb8-005056a4a701-126935
